{"cameraMode":{"drawMode":0,"name":"Shaded","section":"Shading Mode"},"sceneLighting":true,"audioPlay":false,"sceneViewState":{"m_AlwaysRefresh":false,"showFog":true,"showSkybox":true,"showFlares":true,"showImageEffects":true,"showParticleSystems":true,"showVisualEffectGraphs":true,"m_FxEnabled":true},"in2DMode":false,"pivot":{"x":296.02423095703127,"y":97.66558837890625,"z":30.12103271484375},"rotation":{"x":-0.48630863428115847,"y":0.00369668030180037,"z":-0.0020381822250783445,"w":-0.8737117648124695},"size":335.14471435546877,"orthographic":false}